"decimalLongitude","decimalLatitude","side","code"
-64.6327972412,17.7929992676,1,"OBIS1"
-67.013671875,17.9505901337,1,"OBIS2"
-64.6758270264,18.3239307404,1,"OBIS3"
-64.6297988892,17.7919197083,1,"OBIS4"
-82.8053359985,9.72500038147,1,"OBIS5"
-64.6218338013,17.7899608612,1,"OBIS6"
-64.7340316772,18.3703193665,1,"OBIS7"
-64.7686233521,18.3614292145,1,"OBIS8"
-77.5611190796,18.4949836731,1,"OBIS9"
-82.9693984985,12.2915296555,1,"OBIS10"
-64.6187973022,17.7626800537,1,"OBIS11"
-67.0156936646,17.9006690979,1,"OBIS12"
-67.0045471191,17.9066295624,1,"OBIS13"
-64.6003723145,17.8012599945,1,"OBIS14"
-64.7731399536,18.3526592255,1,"OBIS15"
-77.2747344971,18.4727668762,1,"OBIS16"
-64.6253967285,17.7944297791,1,"OBIS17"
-64.568107605,17.7720508575,1,"OBIS18"
-66.9329528809,17.9186592102,1,"OBIS19"
-64.6334381104,17.8026695251,1,"OBIS20"
-71.9819869995,12.1881713867,1,"OBIS21"
-64.6094284058,17.786939621,1,"OBIS22"
-82.805336,9.725000381,1,"OBIS23"
-67.0552062988,17.9210796356,1,"OBIS24"
-64.6781082153,18.3329296112,1,"OBIS25"
-66.9786529541,17.931350708,1,"OBIS26"
-67.009727478,17.9265804291,1,"OBIS27"
-93.6013183594,27.9063606262,1,"OBIS28"
-66.962272644,17.8993091583,1,"OBIS29"
-64.5796585083,17.7831306458,1,"OBIS30"
-82.9693984985,12.2954597473,1,"OBIS31"
-64.610206604,17.7871608734,1,"OBIS33"
-64.565788269,17.7725391388,1,"OBIS34"
-64.6275024414,17.7961406708,1,"OBIS35"
-64.6404724121,17.7597808838,1,"OBIS36"
-64.5789031982,17.7644691467,1,"OBIS37"
-64.6221237183,17.8052196503,1,"OBIS38"
-67.0215911865,17.8874397278,1,"OBIS39"
-64.7410202026,18.3081703186,1,"OBIS40"
-64.60912323,17.7874603271,1,"OBIS41"
-76.7086868286,18.2745342255,1,"OBIS42"
-64.6336364746,17.76404953,1,"OBIS43"
-78.0753479004,18.4590835571,1,"OBIS44"
-64.6311035156,17.8050193787,1,"OBIS45"
-63.2594985962,17.6281661987,1,"OBIS46"
-38.988333,-18.020278,1,"OBIS47"
-82.8058319092,9.75,1,"OBIS48"
-64.6178665161,17.7907505035,1,"OBIS49"
-38.601389,-17.721389,1,"OBIS50"
-82.80583191,9.75,1,"OBIS52"
-66.7577819824,17.9666690826,1,"OBIS53"
-87.2991027832,20.4076499939,1,"OBIS54"
-67.0112686157,17.9013004303,1,"OBIS55"
-64.5761871338,17.7932395935,1,"OBIS56"
-38.966389,-17.682222,1,"OBIS57"
-87.3029785156,20.4021892548,1,"OBIS58"
-78.1318817139,18.4641666412,1,"OBIS59"
-64.6297531128,17.7657699585,1,"OBIS60"
-67.0883636475,17.9338703156,1,"OBIS61"
-38.8956666667,-3.50543333333,1,"OBIS62"
-66.9912261963,17.8928508759,1,"OBIS63"
-67.0429992676,17.8875598907,1,"OBIS64"
-64.6329727173,17.7965698242,1,"OBIS66"
-66.9494171143,17.924659729,1,"OBIS68"
-67.0717468262,17.9563503265,1,"OBIS70"
-64.6136322021,17.789390564,1,"OBIS71"
-64.5907669067,17.780210495,1,"OBIS72"
-64.6136932373,17.8038406372,1,"OBIS73"
-64.5867080688,17.788980484,1,"OBIS74"
-64.5715103149,17.7640209198,1,"OBIS75"
-88.1399993896,16.7600002289,1,"OBIS76"
-77.9216690063,18.5058498383,1,"OBIS77"
-64.6547317505,17.7788391113,1,"OBIS78"
-64.6623306274,17.7761096954,1,"OBIS79"
-67.0727462769,17.9274806976,1,"OBIS80"
-64.6039505005,17.7857608795,1,"OBIS81"
-67.0929031372,17.932849884,1,"OBIS82"
-64.6179962158,17.7990703583,1,"OBIS83"
-39.078611,-16.897778,1,"OBIS84"
-67.1104736328,17.9377708435,1,"OBIS85"
-64.6225280762,17.8061103821,1,"OBIS86"
-67.0125808716,17.908700943,1,"OBIS87"
-66.9362182617,17.9301204681,1,"OBIS90"
-77.5951309204,18.4927005768,1,"OBIS91"
-66.9806671143,17.9292201996,1,"OBIS92"
-64.6149673462,17.7889995575,1,"OBIS93"
-66.9730682373,17.9441204071,1,"OBIS94"
-66.9537963867,17.9028491974,1,"OBIS95"
-67.0173492432,17.9635105133,1,"OBIS96"
-64.6061935425,17.800989151,1,"OBIS97"
-64.6567230225,17.7772407532,1,"OBIS98"
-67.0288696289,17.8896808624,1,"OBIS99"
-74.2200775146,11.2498779297,1,"OBIS100"
-76.2873687744,18.0738334656,1,"OBIS101"
-64.6402816772,17.7935791016,1,"OBIS102"
-64.6311264038,17.8008098602,1,"OBIS103"
-64.6188201904,17.7618503571,1,"OBIS104"
-64.6130065918,17.7686805725,1,"OBIS105"
-64.6359863281,17.793920517,1,"OBIS106"
-64.5948867798,17.7777900696,1,"OBIS107"
-64.6258392334,17.7939891815,1,"OBIS108"
-67.0359725952,17.9702205658,1,"OBIS109"
-64.6278305054,17.784860611,1,"OBIS110"
-64.6120910645,17.789560318,1,"OBIS111"
-64.6675186157,17.7742099762,1,"OBIS112"
-64.7690582275,18.3143005371,1,"OBIS113"
-82.8050003052,9.73833370209,1,"OBIS114"
-66.9577636719,17.9093894958,1,"OBIS115"
-66.9351119995,17.9000205994,1,"OBIS116"
-81.8874130249,24.4756832123,1,"OBIS117"
-64.6578369141,17.70952034,1,"OBIS118"
-77.6477966309,24.3011207581,1,"OBIS119"
-64.62525177,17.7922096252,1,"OBIS120"
-64.5798873901,17.7897796631,1,"OBIS121"
-64.6093902588,17.7870998383,1,"OBIS123"
-74.4599990845,24.1599998474,1,"OBIS125"
-64.7941589355,18.352399826,1,"OBIS126"
-39,-18.028333,1,"OBIS127"
-64.6334533691,17.8069992065,1,"OBIS128"
-64.6087875366,17.7863693237,1,"OBIS129"
-64.7547836304,18.3603000641,1,"OBIS130"
-64.6417236328,17.7603092194,1,"OBIS131"
-39.000833,-17.708056,1,"OBIS132"
-64.7681274414,18.3123493195,1,"OBIS134"
-64.5983810425,17.7988891602,1,"OBIS135"
-33.643,-20.857,1,"OBIS136"
-67.0410614014,17.9418201447,1,"OBIS138"
-64.6165618896,17.7852191925,1,"OBIS139"
-64.660697937,18.3418292999,1,"OBIS140"
-67.0998306274,17.9291496277,1,"OBIS141"
-64.6622161865,18.3363704681,1,"OBIS142"
-67.0175094604,17.9041500092,1,"OBIS143"
-64.612411499,17.7652397156,1,"OBIS145"
-64.5976791382,17.7877197266,1,"OBIS146"
-64.7037124634,18.3025398254,1,"OBIS147"
-77.9709472656,18.4534492493,1,"OBIS148"
-64.6409225464,17.7181091309,1,"OBIS149"
-66.952331543,17.9248199463,1,"OBIS150"
-67.0082778931,17.9018096924,1,"OBIS151"
-67.0554962158,17.9200000763,1,"OBIS152"
-64.5756835938,17.7942695618,1,"OBIS153"
-64.6074981689,17.7685699463,1,"OBIS154"
-87.528213501,17.2505836487,1,"OBIS158"
-67.0899124146,17.9029102325,1,"OBIS159"
-67.0344467163,17.9175701141,1,"OBIS160"
-64.6368865967,17.7964000702,1,"OBIS161"
-64.6277313232,17.7947292328,1,"OBIS162"
-64.5733108521,17.7822208405,1,"OBIS163"
-67.0898971558,17.9121799469,1,"OBIS164"
-64.699180603,18.3237705231,1,"OBIS165"
-64.5923995972,17.7846107483,1,"OBIS166"
-64.6186065674,17.7614498138,1,"OBIS167"
-66.9918823242,17.931060791,1,"OBIS168"
-64.5728530884,17.7657108307,1,"OBIS169"
-66.910369873,17.941570282,1,"OBIS170"
-64.56590271,17.7607192993,1,"OBIS171"
-66.2632827759,17.9229507446,1,"OBIS173"
-64.6100006104,17.7875804901,1,"OBIS174"
-66.9669189453,17.9436607361,1,"OBIS175"
-64.631072998,17.8044109344,1,"OBIS176"
-64.5820236206,17.7658004761,1,"OBIS177"
-67.0091400146,17.9204998016,1,"OBIS178"
-39.065278,-16.891667,1,"OBIS180"
-67.0063018799,17.929769516,1,"OBIS181"
-64.7795562744,18.3606300354,1,"OBIS182"
-64.6627502441,17.7790393829,1,"OBIS183"
-64.5863113403,17.7920608521,1,"OBIS184"
-64.575843811,17.7650108337,1,"OBIS185"
-64.6097106934,17.787109375,1,"OBIS186"
-64.683921814,18.3405895233,1,"OBIS187"
-64.6103286743,17.7887802124,1,"OBIS188"
-66.9977493286,17.893119812,1,"OBIS189"
-64.6157073975,17.7978401184,1,"OBIS190"
-64.5739364624,17.7955799103,1,"OBIS191"
-64.7644729614,18.3602199554,1,"OBIS192"
-64.6235198975,17.7290706635,1,"OBIS193"
-64.5953826904,17.7775192261,1,"OBIS194"
-64.6385726929,17.8019104004,1,"OBIS195"
-64.6336898804,17.7926597595,1,"OBIS196"
-64.7798080444,18.3132305145,1,"OBIS197"
-64.694229126,18.3286991119,1,"OBIS198"
-67.0862426758,17.9171009064,1,"OBIS199"
-66.9872665405,17.9116306305,1,"OBIS200"
-64.6659469604,17.7710704803,1,"OBIS201"
-64.5895385742,17.776550293,1,"OBIS202"
-66.945930481,17.9249992371,1,"OBIS203"
-77.0054855347,18.4150657654,1,"OBIS205"
-67.0986480713,17.9318809509,1,"OBIS206"
-64.5935821533,17.7858695984,1,"OBIS207"
-64.5727462769,17.7895107269,1,"OBIS208"
-80.4135971069,25.0132827759,1,"OBIS209"
-67.0553665161,17.9229602814,1,"OBIS210"
-64.6186676025,17.7616195679,1,"OBIS211"
-64.6177062988,17.784570694,1,"OBIS212"
-67.0747070312,17.9369697571,1,"OBIS213"
-67.1027908325,17.9246292114,1,"OBIS214"
-64.6305770874,17.7949504852,1,"OBIS215"
-64.7525634766,18.3177604675,1,"OBIS216"
-67.0941467285,17.938999176,1,"OBIS217"
-94.2799987793,28.1700000763,1,"OBIS218"
-64.5972213745,17.7673301697,1,"OBIS219"
-64.5851364136,17.7775096893,1,"OBIS220"
-67.027557373,17.9661197662,1,"OBIS221"
-64.6473617554,17.7663593292,1,"OBIS222"
-64.770362854,18.3158302307,1,"OBIS223"
-64.7716903687,18.3525791168,1,"OBIS224"
-67.032623291,17.915309906,1,"OBIS225"
-64.6757888794,18.3294506073,1,"OBIS226"
-64.5945205688,17.7850704193,1,"OBIS227"
-67.0817108154,17.9396896362,1,"OBIS228"
-79.8940811157,19.6878509521,1,"OBIS229"
-67.094291687,17.9214706421,1,"OBIS230"
-66.9377822876,17.9185390472,1,"OBIS231"
-64.5753936768,17.776720047,1,"OBIS232"
-64.622467041,17.7953891754,1,"OBIS233"
-39.071389,-16.975278,1,"OBIS234"
-64.568397522,17.7632293701,1,"OBIS235"
-64.6039810181,17.7882003784,1,"OBIS236"
-67.024017334,17.9123096466,1,"OBIS237"
-67.0682601929,17.9257392883,1,"OBIS238"
-64.6896209717,18.3390693665,1,"OBIS239"
-64.6119232178,17.7881908417,1,"OBIS240"
-64.6157531738,17.7987194061,1,"OBIS241"
-64.6673965454,17.7739391327,1,"OBIS242"
-64.6302337646,17.8004302979,1,"OBIS243"
-67.0688934326,17.9347801208,1,"OBIS244"
-64.5754470825,17.7744293213,1,"OBIS245"
-64.6310272217,17.8053207397,1,"OBIS246"
-64.7786331177,18.3589000702,1,"OBIS247"
-64.6385803223,17.8015193939,1,"OBIS248"
-64.6406173706,17.7677402496,1,"OBIS249"
-64.6615829468,17.70911026,1,"OBIS250"
-64.6344909668,17.7947101593,1,"OBIS252"
-66.9375610352,17.9174194336,1,"OBIS253"
-77.9345474243,18.4946842194,1,"OBIS254"
-65.5330200195,18.3421497345,1,"OBIS255"
-67.0780410767,17.9064006805,1,"OBIS256"
-64.7772979736,18.3119297028,1,"OBIS257"
-64.663772583,17.708530426,1,"OBIS258"
-66.9781570435,17.9123802185,1,"OBIS259"
-64.5922927856,17.7737998962,1,"OBIS262"
-67.0810012817,17.9007892609,1,"OBIS263"
-66.9371871948,17.9301204681,1,"OBIS264"
-64.5778808594,17.7144508362,1,"OBIS265"
-77.36353302,8.659377098,1,"OBIS266"
-64.5823974609,17.7679290771,1,"OBIS267"
-64.6663665771,17.7791099548,1,"OBIS268"
-80.0962905884,26.1015796661,1,"OBIS269"
-64.625869751,17.7940006256,1,"OBIS271"
-39.051111,-16.882778,1,"OBIS272"
-64.606918335,17.7642803192,1,"OBIS273"
-66.9745635986,17.9101791382,1,"OBIS274"
-64.5898132324,17.7930603027,1,"OBIS275"
-39.085,-16.886389,1,"OBIS276"
-64.6049194336,17.7971992493,1,"OBIS277"
-77.3628006,8.655817032,1,"OBIS278"
-82.80500031,9.738333702,1,"OBIS279"
-64.566116333,17.7594108582,1,"OBIS280"
-64.6028823853,17.8029994965,1,"OBIS281"
-39.126944,-17.003889,1,"OBIS282"
-67.1044998169,17.9302902222,1,"OBIS283"
-64.7229003906,18.3119602203,1,"OBIS284"
-67.0712890625,17.9220199585,1,"OBIS286"
-67.1039886475,17.9284496307,1,"OBIS287"
-64.6034164429,17.7880306244,1,"OBIS288"
-64.6032104492,17.7964801788,1,"OBIS290"
-67.0326919556,17.925699234,1,"OBIS291"
-67.0586166382,17.9184093475,1,"OBIS292"
-64.6147232056,17.8027000427,1,"OBIS293"
-67.1053695679,17.9316806793,1,"OBIS294"
-67.0626831055,17.9022006989,1,"OBIS295"
-64.6127166748,17.7888298035,1,"OBIS296"
-64.7948226929,18.3549003601,1,"OBIS297"
-74.5299987793,24.0100002289,1,"OBIS298"
-64.6024169922,17.7972507477,1,"OBIS299"
-64.5849304199,17.7787799835,1,"OBIS301"
-67.0316162109,17.9109592438,1,"OBIS302"
-67.0422286987,17.9141407013,1,"OBIS303"
-67.0025405884,17.9431705475,1,"OBIS304"
-67.0988311768,17.9301605225,1,"OBIS305"
-76.18586731,9.379616737,1,"OBIS306"
-64.6012268066,17.7926902771,1,"OBIS307"
-64.6101226807,17.7918300629,1,"OBIS308"
-64.5857772827,17.7987804413,1,"OBIS309"
-64.6191101074,17.7986793518,1,"OBIS310"
-64.6156463623,17.7924499512,1,"OBIS311"
-64.5650863647,17.7594604492,1,"OBIS312"
-64.6651000977,17.7707691193,1,"OBIS313"
-39.018333,-18.011111,1,"OBIS314"
-64.6245117188,17.7800197601,1,"OBIS316"
-66.9552688599,17.9074897766,1,"OBIS317"
-64.6161880493,17.7839298248,1,"OBIS318"
-67.0931472778,17.9404697418,1,"OBIS319"
-64.6341934204,17.7894096375,1,"OBIS320"
-64.5704803467,17.7628803253,1,"OBIS322"
-64.6259231567,17.7922496796,1,"OBIS323"
-64.5845565796,17.7859992981,1,"OBIS325"
-64.6260528564,17.7910404205,1,"OBIS326"
-64.5836486816,17.7633991241,1,"OBIS327"
-64.6253890991,17.8012504578,1,"OBIS329"
-67.0861282349,17.9035491943,1,"OBIS330"
-67.0820999146,17.9124393463,1,"OBIS331"
-64.6281433105,17.7921104431,1,"OBIS332"
-64.6111984253,17.782459259,1,"OBIS334"
-67.0632400513,17.9607601166,1,"OBIS335"
-64.6120223999,17.8045406342,1,"OBIS337"
-75.82961273,9.696277618,1,"OBIS338"
-64.7141799927,18.307800293,1,"OBIS339"
-64.6293487549,17.7872695923,1,"OBIS340"
-38.924722,-17.819167,1,"OBIS341"
-64.6277770996,17.7992095947,1,"OBIS342"
-64.616859436,17.8017101288,1,"OBIS343"
-67.0378494263,17.9268608093,1,"OBIS344"
-64.609161377,17.787530899,1,"OBIS345"
-66.9672012329,17.9446601868,1,"OBIS346"
-64.6474227905,17.7773799896,1,"OBIS349"
-75.78515625,10.1642932892,1,"OBIS350"
-62.986000061,17.4648342133,1,"OBIS351"
-64.6321182251,17.7686004639,1,"OBIS352"
-64.7737426758,18.364730835,1,"OBIS354"
-75.77703094,9.767861366,1,"OBIS355"
-64.7515563965,18.37251091,1,"OBIS356"
-64.5660629272,17.7917995453,1,"OBIS357"
-66.9973068237,17.9508590698,1,"OBIS358"
-64.5845031738,17.7883300781,1,"OBIS359"
-64.6223526001,17.7659797668,1,"OBIS360"
-67.0311584473,17.9290904999,1,"OBIS361"
-67.0229263306,17.887550354,1,"OBIS362"
-64.6027374268,17.7620601654,1,"OBIS363"
-64.5765762329,17.7606506348,1,"OBIS364"
-64.6393203735,17.7927093506,1,"OBIS365"
-64.7705307007,18.3159294128,1,"OBIS366"
-64.6173400879,17.7905902863,1,"OBIS367"
-64.6260070801,17.7837600708,1,"OBIS368"
-64.5933227539,17.768699646,1,"OBIS369"
-64.6209716797,17.7670898438,1,"OBIS370"
-64.6486129761,17.7786808014,1,"OBIS371"
-64.7342987061,18.3143806458,1,"OBIS372"
-63.2531661987,17.6433334351,1,"OBIS373"
-64.7036132812,18.3386707306,1,"OBIS374"
-88.0830001831,16.7999992371,1,"OBIS375"
-64.6487121582,17.7625293732,1,"OBIS376"
-64.6272277832,17.7912006378,1,"OBIS377"
-67.0989990234,17.922460556,1,"OBIS378"
-64.5491485596,17.7638206482,1,"OBIS379"
-64.6402130127,17.7674598694,1,"OBIS380"
-64.6680221558,17.7743606567,1,"OBIS381"
-67.0290298462,17.9029407501,1,"OBIS382"
-64.6171264648,17.7893695831,1,"OBIS384"
-64.6121673584,17.8043403625,1,"OBIS385"
-67.0413589478,17.9362106323,1,"OBIS386"
-64.6106262207,17.7872905731,1,"OBIS388"
-66.9979095459,17.945110321,1,"OBIS389"
-64.6154708862,17.7655696869,1,"OBIS390"
-64.6594009399,17.7793006897,1,"OBIS391"
-64.6249694824,17.7951602936,1,"OBIS392"
-67.0290527344,17.8947601318,1,"OBIS393"
-64.7103118896,18.3027801514,1,"OBIS394"
-66.9727401733,17.91588974,1,"OBIS395"
-67.0239562988,17.963350296,1,"OBIS396"
-67.1262969971,17.9174404144,1,"OBIS398"
-39.272778,-17.996111,1,"OBIS399"
-64.75340271,18.3162002563,1,"OBIS400"
-64.6273117065,17.7638492584,1,"OBIS401"
-64.6172637939,17.7665901184,1,"OBIS403"
-64.7772216797,18.3120803833,1,"OBIS404"
-64.5675964355,17.7583904266,1,"OBIS405"
-64.6631164551,17.77602005,1,"OBIS406"
-67.2387924194,10.5531229973,1,"OBIS407"
-64.5887908936,17.7903404236,1,"OBIS408"
-64.5924377441,17.7804508209,1,"OBIS409"
-67.1043777466,17.938249588,1,"OBIS410"
-64.5830993652,17.7647399902,1,"OBIS411"
-64.6965026855,18.3500003815,1,"OBIS412"
-64.7276916504,18.3180503845,1,"OBIS413"
-67.0405578613,17.9231891632,1,"OBIS414"
-64.6274795532,17.7900295258,1,"OBIS416"
-87.7440490723,17.59375,1,"OBIS417"
-64.7168884277,18.3106098175,1,"OBIS418"
-64.5678710938,17.759929657,1,"OBIS419"
-67.0208282471,17.9387607574,1,"OBIS420"
-64.6147079468,17.7896595001,1,"OBIS421"
-67.0058898926,17.8939800262,1,"OBIS422"
-67.0788726807,17.9412097931,1,"OBIS424"
-64.6330032349,17.7867507935,1,"OBIS425"
-64.589630127,17.7851390839,1,"OBIS426"
-67.0291671753,17.9078598022,1,"OBIS428"
-64.7013473511,18.3122291565,1,"OBIS429"
-64.7013473511,18.3110198975,1,"OBIS430"
-64.6535873413,17.77368927,1,"OBIS431"
-66.9520492554,17.9001102448,1,"OBIS433"
-64.6664123535,17.7669296265,1,"OBIS434"
-74.1319274902,11.3280267715,1,"OBIS435"
-64.7021865845,18.3374996185,1,"OBIS436"
-64.594619751,17.7858791351,1,"OBIS437"
-64.5852127075,17.7815208435,1,"OBIS438"
-64.6159667969,17.7885894775,1,"OBIS439"
-64.5678024292,17.7612991333,1,"OBIS440"
-38.978611,-17.751944,1,"OBIS441"
-66.9437637329,17.9038505554,1,"OBIS442"
-64.6680831909,18.3323707581,1,"OBIS443"
-67.0655670166,17.9019699097,1,"OBIS444"
-64.6170272827,17.8005008698,1,"OBIS445"
-64.5887985229,17.769159317,1,"OBIS446"
-67.0689163208,17.9586906433,1,"OBIS447"
-67.1284103394,17.9167308807,1,"OBIS448"
-64.6411972046,17.7852802277,1,"OBIS449"
-64.6151428223,17.7899894714,1,"OBIS451"
-64.6550369263,17.7775993347,1,"OBIS452"
-64.5958862305,17.7994995117,1,"OBIS453"
-67.100692749,17.9293498993,1,"OBIS454"
-64.616317749,17.7889003754,1,"OBIS455"
-67.0707778931,17.9412498474,1,"OBIS456"
-64.6453323364,17.7786998749,1,"OBIS457"
-67.0037384033,17.8871307373,1,"OBIS458"
-64.7430801392,18.317440033,1,"OBIS459"
-64.5693435669,17.7596797943,1,"OBIS460"
-38.600833,-17.715278,1,"OBIS461"
-64.6819992065,18.3444309235,1,"OBIS462"
-64.627243042,17.7975006104,1,"OBIS463"
-64.6681137085,17.774969101,1,"OBIS464"
-64.6458435059,17.7649707794,1,"OBIS465"
-64.568862915,17.7665100098,1,"OBIS466"
-67.0141372681,17.9225196838,1,"OBIS467"
-64.663192749,17.7765808105,1,"OBIS468"
-67.015953064,17.8963108063,1,"OBIS469"
-66.9955291748,17.8900699615,1,"OBIS470"
-64.6356887817,17.7942295074,1,"OBIS471"
-64.6447601318,17.7872695923,1,"OBIS472"
-64.6385269165,17.7873001099,1,"OBIS473"
-67.0724868774,17.9411792755,1,"OBIS474"
-64.5832366943,17.7738990784,1,"OBIS475"
-64.6212768555,17.7908706665,1,"OBIS476"
-64.5881576538,17.7849597931,1,"OBIS477"
-64.6086730957,17.7983207703,1,"OBIS478"
-64.6349029541,17.7988090515,1,"OBIS479"
-67.0324935913,17.8914394379,1,"OBIS480"
-80.3014984131,25.1187496185,1,"OBIS481"
-66.936706543,17.9058208466,1,"OBIS482"
-64.6123809814,17.7668495178,1,"OBIS483"
-64.5914535522,17.7956790924,1,"OBIS484"
-64.5781021118,17.7737102509,1,"OBIS485"
-64.6478500366,17.7149295807,1,"OBIS486"
-64.6494598389,17.7788200378,1,"OBIS487"
-77.6933288574,24.5958309174,1,"OBIS488"
-66.955039978,17.9258403778,1,"OBIS489"
-64.6178512573,17.7640991211,1,"OBIS490"
-64.593536377,17.7981204987,1,"OBIS491"
-77.6706771851,24.3431491852,1,"OBIS492"
-63.0600013733,17.9956665039,1,"OBIS493"
-66.2863769531,17.9316902161,1,"OBIS495"
-64.6380462646,17.7946090698,1,"OBIS498"
-64.6138687134,17.7889499664,1,"OBIS499"
-64.6308822632,17.8039493561,1,"OBIS500"
-62.9776649475,17.4616661072,1,"OBIS501"
-64.6108016968,17.789390564,1,"OBIS502"
-66.9120101929,17.9214096069,1,"OBIS503"
-67.019241333,17.9024391174,1,"OBIS504"
-64.6109085083,17.7863693237,1,"OBIS505"
-80.0892562866,26.1570205688,1,"OBIS506"
-67.0244369507,17.8936805725,1,"OBIS507"
-67.0565414429,17.9393596649,1,"OBIS508"
-67.0373687744,17.8908805847,1,"OBIS509"
-66.9288406372,17.9048690796,1,"OBIS510"
-67.0732116699,17.925069809,1,"OBIS511"
-39.091389,-16.895833,1,"OBIS512"
-64.6197662354,17.7898406982,1,"OBIS513"
-66.9854888916,17.9084205627,1,"OBIS514"
-67.0751037598,17.9682693481,1,"OBIS515"
-78.109664917,20.5849990845,1,"OBIS516"
-64.6100006104,17.7886009216,1,"OBIS517"
-64.5921478271,17.779340744,1,"OBIS518"
-66.9894790649,17.9212207794,1,"OBIS519"
-64.5787963867,17.7657604218,1,"OBIS520"
-67.0346908569,17.923789978,1,"OBIS521"
-67.0825119019,17.9400405884,1,"OBIS522"
-64.5650863647,17.7879295349,1,"OBIS523"
-64.5787734985,17.7664108276,1,"OBIS524"
-64.592010498,17.7890205383,1,"OBIS525"
-39.135278,-17.421944,1,"OBIS526"
-64.6191864014,17.7673091888,1,"OBIS527"
-64.5880279541,17.7655200958,1,"OBIS528"
-64.5823364258,17.7796192169,1,"OBIS529"
-38.690278,-17.906944,1,"OBIS530"
-64.665397644,17.769859314,1,"OBIS531"
-64.7694473267,18.3171596527,1,"OBIS532"
-64.7036209106,18.2994098663,1,"OBIS533"
-64.7757873535,18.352930069,1,"OBIS534"
-66.9559936523,17.8984603882,1,"OBIS535"
-64.5977096558,17.7716197968,1,"OBIS536"
-64.6167068481,17.7894096375,1,"OBIS537"
-64.6568908691,17.7682495117,1,"OBIS538"
-64.6182479858,17.7837200165,1,"OBIS540"
-64.580947876,17.7884197235,1,"OBIS541"
-64.630897522,17.7650909424,1,"OBIS542"
-67.0840835571,17.9177398682,1,"OBIS544"
-64.6130371094,17.7891292572,1,"OBIS545"
-64.5879669189,17.780040741,1,"OBIS546"
-64.6199035645,17.7904701233,1,"OBIS548"
-93.5992965698,27.9095306396,1,"OBIS549"
-64.6714172363,17.7771701813,1,"OBIS550"
-64.5702514648,17.7628707886,1,"OBIS552"
-77.0784683228,18.4190502167,1,"OBIS553"
-64.7147827148,18.3074893951,1,"OBIS554"
-64.6249084473,17.7921199799,1,"OBIS555"
-64.6233673096,17.7690105438,1,"OBIS556"
-38.590556,-18.101944,1,"OBIS557"
-64.6630325317,17.7777004242,1,"OBIS559"
-64.6101608276,17.7865905762,1,"OBIS560"
-64.6167297363,17.7886695862,1,"OBIS561"
-67.0083618164,17.9034500122,1,"OBIS563"
-67.0125427246,17.9341392517,1,"OBIS564"
-67.0021209717,17.9033794403,1,"OBIS565"
-64.5663909912,17.7610607147,1,"OBIS566"
-66.9440765381,17.9083194733,1,"OBIS568"
-64.5948867798,17.8016300201,1,"OBIS569"
-64.6139831543,17.8058605194,1,"OBIS570"
-67.00390625,17.8902301788,1,"OBIS571"
-67.1033935547,17.9336891174,1,"OBIS572"
-64.7814025879,18.3472690582,1,"OBIS573"
-80.2232971191,25.1991672516,1,"OBIS574"
-64.7727813721,18.3640804291,1,"OBIS575"
-64.6190490723,17.794670105,1,"OBIS577"
-78.0125808716,18.4577827454,1,"OBIS578"
-64.5980606079,17.7844104767,1,"OBIS579"
-64.7647018433,18.3115997314,1,"OBIS580"
-64.6027679443,17.8005409241,1,"OBIS582"
-64.6158981323,17.7950706482,1,"OBIS583"
-64.7605133057,18.353559494,1,"OBIS584"
-64.6363372803,17.8106708527,1,"OBIS585"
-64.622756958,17.8001308441,1,"OBIS586"
-39.027778,-17.478333,1,"OBIS587"
-64.7596969604,18.3633003235,1,"OBIS588"
-64.6034469604,17.8008804321,1,"OBIS589"
-63.2594985962,17.6248340607,1,"OBIS590"
-64.5917434692,17.7960700989,1,"OBIS591"
-64.6246032715,17.7604904175,1,"OBIS592"
-66.9365005493,17.9129295349,1,"OBIS593"
-77.36353302,8.65937709808,1,"OBIS594"
-64.5907592773,17.768579483,1,"OBIS596"
-64.6125030518,17.7992992401,1,"OBIS597"
-64.6100311279,17.7869091034,1,"OBIS599"
-64.7890014648,18.3574008942,1,"OBIS601"
-64.6106262207,17.7879390717,1,"OBIS602"
-64.6977233887,18.3321304321,1,"OBIS603"
-64.6697463989,17.7765903473,1,"OBIS604"
-64.5733032227,17.7658596039,1,"OBIS605"
-64.7669067383,18.31498909,1,"OBIS607"
-66.9858474731,17.9609107971,1,"OBIS608"
-64.5794677734,17.7817192078,1,"OBIS609"
-67.1158294678,17.9259605408,1,"OBIS611"
-64.591583252,17.7679100037,1,"OBIS612"
-78.1828308105,20.6035003662,1,"OBIS613"
-67.0502319336,17.9127807617,1,"OBIS614"
-64.6892318726,18.3048496246,1,"OBIS615"
-67.0395889282,17.9092998505,1,"OBIS616"
-64.6198272705,17.7826690674,1,"OBIS617"
-64.6256713867,17.7922992706,1,"OBIS618"
-64.5789871216,17.7843208313,1,"OBIS619"
-64.6312713623,17.7150192261,1,"OBIS620"
-64.6314620972,17.7866706848,1,"OBIS621"
-38.703611,-18.003889,1,"OBIS622"
-67.0662918091,17.9667606354,1,"OBIS623"
-64.6657104492,17.779920578,1,"OBIS625"
-64.5938568115,17.7882995605,1,"OBIS626"
-64.5808105469,17.7821598053,1,"OBIS627"
-64.7987670898,18.324590683,1,"OBIS628"
-67.0553817749,17.9070396423,1,"OBIS629"
-64.5741882324,17.7723808289,1,"OBIS630"
-64.689201355,18.3143997192,1,"OBIS631"
-14.3833303452,-7.8933300972,1,"OBIS632"
-64.6993408203,18.3176307678,1,"OBIS633"
-64.695640564,18.3508605957,1,"OBIS634"
-64.760597229,18.3153190613,1,"OBIS636"
-64.6363677979,17.8001499176,1,"OBIS637"
-64.6027526855,17.7906799316,1,"OBIS638"
-64.564956665,17.7570304871,1,"OBIS639"
-64.5781326294,17.7931308746,1,"OBIS640"
-64.5930480957,17.7666091919,1,"OBIS642"
-74.5400009155,23.9500007629,1,"OBIS643"
-64.6358718872,17.7877292633,1,"OBIS644"
-67.0889129639,17.926530838,1,"OBIS645"
-64.7652282715,18.3578796387,1,"OBIS646"
-67.0258865356,17.9236698151,1,"OBIS648"
-64.7773132324,18.3543605804,1,"OBIS650"
-64.5877380371,17.7911205292,1,"OBIS651"
-64.5662307739,17.7577705383,1,"OBIS652"
-38.659722,-17.980833,1,"OBIS654"
-76.900970459,8.37166023254,1,"OBIS655"
-66.9836425781,17.9118003845,1,"OBIS656"
-64.635383606,17.796579361,1,"OBIS657"
-64.7126693726,18.3058795929,1,"OBIS658"
-67.0778503418,17.9047298431,1,"OBIS659"
-64.6367034912,17.8101406097,1,"OBIS660"
-64.7458877563,18.3026409149,1,"OBIS661"
-66.972442627,17.9305706024,1,"OBIS662"
-38.639444,-18.012778,1,"OBIS663"
-64.5944671631,17.7798404694,1,"OBIS665"
-64.6313323975,17.7653903961,1,"OBIS666"
-64.5782318115,17.7628707886,1,"OBIS667"
-67.0329971313,17.9663505554,1,"OBIS668"
-64.5652618408,17.7719707489,1,"OBIS669"
-64.6118164062,17.7803192139,1,"OBIS670"
-66.9451828003,17.9039592743,1,"OBIS672"
-64.6249923706,17.7922897339,1,"OBIS673"
-64.6172332764,17.7908191681,1,"OBIS675"
-64.621963501,17.7635097504,1,"OBIS678"
-35.2773,-5.3967,1,"OBIS679"
-66.9912567139,17.958480835,1,"OBIS680"
-64.5773162842,17.7425498962,1,"OBIS681"
-64.5876235962,17.7849693298,1,"OBIS682"
-64.6342468262,17.8009796143,1,"OBIS683"
-64.6100234985,17.8023109436,1,"OBIS684"
-64.6444015503,17.7870502472,1,"OBIS685"
-64.5850524902,17.7686805725,1,"OBIS686"
-38.979167,-17.875,1,"OBIS687"
-66.978012085,17.9235305786,1,"OBIS689"
-64.7740325928,18.318069458,1,"OBIS690"
-64.5768127441,17.7810401917,1,"OBIS692"
-83.0346984863,12.1885700226,1,"OBIS693"
-66.2681808472,17.9283790588,1,"OBIS694"
-64.5857696533,17.7832508087,1,"OBIS695"
-64.5828475952,17.7897701263,1,"OBIS696"
-39.0126166667,-3.39728333333,1,"OBIS697"
-66.9998016357,17.9066104889,1,"OBIS698"
-64.5806732178,17.7655296326,1,"OBIS699"
-67.0002975464,17.8915195465,1,"OBIS700"
-64.6148300171,17.803609848,1,"OBIS701"
-64.6079406738,17.801820755,1,"OBIS703"
-71.1339492798,21.5189838409,1,"OBIS704"
-64.608543396,17.8029003143,1,"OBIS705"
-64.7615585327,18.3623409271,1,"OBIS706"
-64.5750427246,17.7919101715,1,"OBIS707"
-67.0804595947,17.929769516,1,"OBIS708"
-66.8835296631,17.9162406921,1,"OBIS709"
-64.5876617432,17.7804107666,1,"OBIS710"
-64.70677948,18.3074798584,1,"OBIS711"
-64.7607727051,18.3614406586,1,"OBIS712"
-76.17321777,9.39628315,1,"OBIS713"
-75.6519165,9.764033318,1,"OBIS714"
-64.5656433105,17.7719402313,1,"OBIS715"
-64.6118164062,17.7868404388,1,"OBIS716"
-67.0070495605,17.8872699738,1,"OBIS717"
-64.749671936,18.3733997345,1,"OBIS719"
-64.5966033936,17.7964401245,1,"OBIS720"
-67.0350112915,17.9661903381,1,"OBIS721"
-64.6017379761,17.7932891846,1,"OBIS722"
-67.0308914185,17.9707794189,1,"OBIS723"
-66.266998291,17.928319931,1,"OBIS724"
-66.9738388062,17.9466400146,1,"OBIS725"
-64.7770996094,18.3612003326,1,"OBIS726"
-67.0014419556,17.8907299042,1,"OBIS727"
-64.6253204346,17.7951908112,1,"OBIS728"
-33.636,-20.857,1,"OBIS729"
-64.5721282959,17.7802505493,1,"OBIS730"
-64.6166534424,17.783039093,1,"OBIS731"
-66.9915008545,17.9490890503,1,"OBIS732"
-64.6168136597,17.7896499634,1,"OBIS733"
-67.0668029785,17.9002494812,1,"OBIS734"
-64.6118164062,17.7908992767,1,"OBIS735"
-67.0516662598,17.9400005341,1,"OBIS736"
-64.63646698,17.7906398773,1,"OBIS738"
-64.6096801758,17.7871398926,1,"OBIS739"
-64.6589126587,17.777299881,1,"OBIS740"
-64.6303482056,17.7900295258,1,"OBIS741"
-64.5914230347,17.7891292572,1,"OBIS743"
-64.7695770264,18.3168792725,1,"OBIS744"
-64.6419067383,17.7603092194,1,"OBIS745"
-64.6223602295,17.790189743,1,"OBIS746"
-64.7613983154,18.361289978,1,"OBIS747"
-64.6258773804,17.7905101776,1,"OBIS748"
-67.1163711548,17.9260597229,1,"OBIS749"
-64.6373062134,17.8097190857,1,"OBIS753"
-64.6260223389,17.790599823,1,"OBIS754"
-64.6139526367,17.7961101532,1,"OBIS755"
-64.6257171631,17.7908992767,1,"OBIS756"
-64.6130371094,17.7849998474,1,"OBIS757"
-66.9793701172,17.9465503693,1,"OBIS758"
-64.6049118042,17.786939621,1,"OBIS759"
-64.668006897,18.3337497711,1,"OBIS760"
-64.617767334,17.7660503387,1,"OBIS761"
-67.010383606,17.9588298798,1,"OBIS762"
-66.9854888916,17.8939609528,1,"OBIS763"
-64.5835800171,17.7901000977,1,"OBIS765"
-67.012336731,17.9587306976,1,"OBIS766"
-66.967086792,17.9049701691,1,"OBIS767"
-67.0748214722,17.955619812,1,"OBIS768"
-39.031944,-17.46,1,"OBIS769"
-64.6042633057,17.78606987,1,"OBIS770"
-74.2241592407,11.2510719299,1,"OBIS771"
-64.7789916992,18.312210083,1,"OBIS772"
-67.1270828247,17.9149703979,1,"OBIS773"
-64.7229385376,18.3087997437,1,"OBIS774"
-66.9755172729,17.948759079,1,"OBIS775"
-66.9542999268,17.8971996307,1,"OBIS776"
-41.9296,-22.8828,1,"OBIS778"
-64.6685409546,17.7800197601,1,"OBIS779"
-66.9646606445,17.9008598328,1,"OBIS780"
-64.6103897095,17.7888202667,1,"OBIS781"
-67.1169509888,17.9239997864,1,"OBIS783"
-80.2574996948,25.168050766,1,"OBIS784"
-64.6260375977,17.7974796295,1,"OBIS785"
-67.1271591187,17.913520813,1,"OBIS786"
-64.5839004517,17.763299942,1,"OBIS787"
-64.6092987061,17.7880496979,1,"OBIS788"
-64.6059188843,17.7855892181,1,"OBIS789"
-67.0580673218,17.9052391052,1,"OBIS790"
-64.7412033081,18.3076000214,1,"OBIS791"
-64.624710083,17.7922801971,1,"OBIS794"
-64.6096572876,17.7651596069,1,"OBIS796"
-64.6369018555,17.8011798859,1,"OBIS797"
-64.5979385376,17.794500351,1,"OBIS800"
-64.5702133179,17.7843093872,1,"OBIS801"
-64.7207870483,18.3680400848,1,"OBIS802"
-66.9718093872,17.9318008423,1,"OBIS803"
-93.5981369019,27.9106807709,1,"OBIS804"
-67.0529785156,17.9062595367,1,"OBIS805"
-64.5911636353,17.7753200531,1,"OBIS806"
-66.9458312988,17.906080246,1,"OBIS807"
-64.6239089966,17.7917098999,1,"OBIS808"
-64.6688995361,17.7776699066,1,"OBIS809"
-64.6001281738,17.7628192902,1,"OBIS810"
-64.7001037598,18.35090065,1,"OBIS812"
-67.0198364258,17.9382400513,1,"OBIS813"
-64.6651916504,17.7762699127,1,"OBIS815"
-82.6966705322,14.4933300018,1,"OBIS816"
-74.4700012207,24.1499996185,1,"OBIS817"
-64.6048278809,17.7858200073,1,"OBIS818"
-64.5658416748,17.7626304626,1,"OBIS819"
-64.650138855,17.7761096954,1,"OBIS820"
-67.1037826538,17.9166107178,1,"OBIS821"
-64.6097183228,17.7879390717,1,"OBIS823"
-64.6396179199,17.7984600067,1,"OBIS824"
-64.6271591187,17.8064804077,1,"OBIS825"
-64.6793670654,18.3522605896,1,"OBIS826"
-64.6187210083,17.8063602448,1,"OBIS828"
-67.0699920654,17.941619873,1,"OBIS829"
-64.6288528442,17.8036708832,1,"OBIS830"
-64.5895233154,17.785200119,1,"OBIS831"
-67.033203125,17.9621200562,1,"OBIS832"
-64.5847702026,17.7761707306,1,"OBIS833"
-67.0380935669,17.9201908112,1,"OBIS834"
-64.6194534302,17.8048400879,1,"OBIS835"
-64.5883712769,17.7849903107,1,"OBIS836"
-64.7188796997,18.3099708557,1,"OBIS837"
-64.7511367798,18.3680992126,1,"OBIS838"
-64.6136627197,17.7848396301,1,"OBIS839"
-67.0258865356,17.9237308502,1,"OBIS840"
-64.6263809204,17.806470871,1,"OBIS841"
-64.5836791992,17.7966308594,1,"OBIS842"
-64.6040496826,17.7624607086,1,"OBIS843"
-64.6250610352,17.8068904877,1,"OBIS844"
-64.6428985596,17.7663402557,1,"OBIS845"
-64.6603088379,17.7787303925,1,"OBIS846"
-67.0241470337,17.9287700653,1,"OBIS847"
-64.7951583862,18.3220996857,1,"OBIS848"
-64.6078491211,17.7686805725,1,"OBIS849"
-64.6109695435,17.7896995544,1,"OBIS850"
-64.5827789307,17.763469696,1,"OBIS851"
-64.6135864258,17.7636909485,1,"OBIS852"
-64.6113815308,17.7880592346,1,"OBIS853"
-64.6165008545,17.7639598846,1,"OBIS854"
-64.6385803223,17.7964992523,1,"OBIS855"
-67.8082275391,10.4783058167,1,"OBIS856"
-66.9753265381,17.944770813,1,"OBIS857"
-66.9620285034,17.9062004089,1,"OBIS858"
-64.5786132812,17.7666606903,1,"OBIS859"
-64.6288528442,17.792470932,1,"OBIS860"
-64.6176071167,17.7847805023,1,"OBIS861"
-64.6355133057,17.7935199738,1,"OBIS862"
-64.6299209595,17.7655906677,1,"OBIS865"
-64.7385864258,18.3721599579,1,"OBIS866"
-64.588180542,17.8003196716,1,"OBIS867"
-64.7563400269,18.3572006226,1,"OBIS868"
-64.6222229004,17.7907905579,1,"OBIS869"
-66.9985733032,17.9472293854,1,"OBIS870"
-64.5747528076,17.7882900238,1,"OBIS871"
-64.6638031006,17.7697696686,1,"OBIS872"
-64.6259918213,17.790719986,1,"OBIS873"
-64.6690063477,18.3476791382,1,"OBIS874"
-82.2102813721,26.2977790833,1,"OBIS876"
-64.6039810181,17.7891197205,1,"OBIS877"
-93.5982666016,27.906829834,1,"OBIS879"
-64.6279678345,17.8036994934,1,"OBIS880"
-76.74440765,8.068169594,1,"OBIS881"
-64.5541229248,17.7803192139,1,"OBIS883"
-64.6818389893,18.3363990784,1,"OBIS884"
-77.29278564,8.574953079,1,"OBIS885"
-64.7703704834,18.312210083,1,"OBIS886"
-67.0222167969,17.9283599854,1,"OBIS887"
-64.6024475098,17.7827396393,1,"OBIS888"
-64.7021026611,18.3108005524,1,"OBIS889"
-64.6592483521,17.7755393982,1,"OBIS890"
-66.9779663086,17.9014701843,1,"OBIS891"
-75.72338867,9.420944214,1,"OBIS893"
-67.0675888062,17.9196300507,1,"OBIS894"
-64.661239624,18.3555393219,1,"OBIS895"
-64.5762634277,17.7779693604,1,"OBIS896"
-64.6171798706,17.7888298035,1,"OBIS901"
-64.5794296265,17.77602005,1,"OBIS902"
-67.1045913696,17.9270496368,1,"OBIS903"
-66.9794464111,17.9311199188,1,"OBIS904"
-67.0377120972,17.9192008972,1,"OBIS905"
-66.2966766357,17.9343795776,1,"OBIS906"
-64.6546173096,17.7660102844,1,"OBIS907"
-64.7012023926,18.3446998596,1,"OBIS908"
-64.6279983521,17.7916202545,1,"OBIS909"
-64.6146392822,17.7835998535,1,"OBIS910"
-67.0651931763,17.9036407471,1,"OBIS911"
-62.9824981689,17.4640007019,1,"OBIS912"
-35.704,-20.704,1,"OBIS913"
-66.9690170288,17.9266204834,1,"OBIS914"
-67.0819778442,17.9053993225,1,"OBIS915"
-67.0337295532,17.9165496826,1,"OBIS916"
-66.9776763916,17.9036693573,1,"OBIS917"
-64.5685272217,17.7742195129,1,"OBIS918"
-64.6330032349,17.808259964,1,"OBIS919"
-64.5754928589,17.7725791931,1,"OBIS920"
-64.5765686035,17.7660102844,1,"OBIS921"
-75.68373108,9.741749763,1,"OBIS924"
-64.5652236938,17.7807807922,1,"OBIS925"
-64.5913009644,17.7679691315,1,"OBIS926"
-39.113333,-16.951389,1,"OBIS927"
-64.7676696777,18.3146305084,1,"OBIS928"
-67.0837478638,17.95154953,1,"OBIS929"
-79.7409515381,19.7581825256,1,"OBIS930"
-67.1178970337,17.915719986,1,"OBIS931"
-64.5838088989,17.7864398956,1,"OBIS932"
-64.5827865601,17.7666893005,1,"OBIS935"
-64.5918502808,17.7888393402,1,"OBIS937"
-64.6977005005,18.3265991211,1,"OBIS938"
-67.0831222534,17.9439907074,1,"OBIS939"
-64.5655288696,17.7616291046,1,"OBIS940"
-67.0675888062,17.9082508087,1,"OBIS941"
-64.6369094849,17.7693996429,1,"OBIS943"
-66.9913330078,17.9143295288,1,"OBIS944"
-64.5810928345,17.7835407257,1,"OBIS945"
-67.1058883667,17.9167194366,1,"OBIS946"
-67.0565185547,17.9717903137,1,"OBIS947"
-66.9437408447,17.9029102325,1,"OBIS948"
-64.596786499,17.7430095673,1,"OBIS950"
-38.873889,-17.350278,1,"OBIS951"
-64.6009063721,17.7926292419,1,"OBIS952"
-64.624420166,17.7915592194,1,"OBIS953"
-64.7538909912,18.3605194092,1,"OBIS954"
-64.774559021,18.3605899811,1,"OBIS955"
-64.5779037476,17.7893009186,1,"OBIS957"
-64.6130371094,17.8057403564,1,"OBIS958"
-66.9811325073,17.8963909149,1,"OBIS959"
-67.0252532959,17.9300003052,1,"OBIS962"
-87.5264968872,17.2210006714,1,"OBIS963"
-64.6105804443,17.7886295319,1,"OBIS964"
-66.991317749,17.9019298553,1,"OBIS965"
-64.6257171631,17.7907600403,1,"OBIS967"
-38.17,-16.117,1,"OBIS968"
-64.6125335693,17.8035907745,1,"OBIS969"
-64.599647522,17.7624492645,1,"OBIS970"
-64.6298980713,17.7918701172,1,"OBIS972"
-88.0533294678,16.9783306122,1,"OBIS973"
-64.6422424316,17.7783298492,1,"OBIS974"
-64.6652679443,17.7658996582,1,"OBIS976"
-64.7058029175,18.3039207458,1,"OBIS977"
-67.0466384888,17.8902492523,1,"OBIS978"
-64.6110076904,17.7669391632,1,"OBIS979"
-67.1190338135,17.9291992188,1,"OBIS981"
-64.7965698242,18.3270397186,1,"OBIS982"
-64.6120605469,17.7858600616,1,"OBIS984"
-66.9921798706,17.9219493866,1,"OBIS985"
-64.634803772,17.7858695984,1,"OBIS986"
-67.011756897,17.898399353,1,"OBIS989"
-67.086517334,17.8971500397,1,"OBIS990"
-64.6744995117,18.3306999207,1,"OBIS991"
-64.5933837891,17.7759494781,1,"OBIS992"
-75.84941864,9.698971748,1,"OBIS993"
-66.9393081665,17.9317398071,1,"OBIS994"
-64.6411514282,17.7600498199,1,"OBIS996"
-64.7850265503,18.349899292,1,"OBIS997"
-64.5895996094,17.7641201019,1,"OBIS999"
-66.7057647705,11.7663669586,1,"OBIS1000"
-76.7444076538,8.06816959381,1,"OBIS1001"
-64.6014633179,17.7944507599,1,"OBIS1002"
-64.6649932861,17.7802200317,1,"OBIS1003"
-82.9878005981,12.3091201782,1,"OBIS1004"
-66.9725112915,17.9099998474,1,"OBIS1005"
-64.7945632935,18.3197307587,1,"OBIS1006"
-64.6335296631,17.7905406952,1,"OBIS1007"
-64.6258163452,17.7948608398,1,"OBIS1008"
-64.5977172852,17.7830295563,1,"OBIS1009"
-64.6164169312,17.7895793915,1,"OBIS1011"
-64.6468734741,17.7675991058,1,"OBIS1012"
-64.6246566772,17.7972602844,1,"OBIS1013"
-64.7649002075,18.31731987,1,"OBIS1014"
-67.0316925049,17.9183502197,1,"OBIS1015"
-67.1003112793,17.9310798645,1,"OBIS1016"
-64.7974090576,18.3438301086,1,"OBIS1017"
-64.6242980957,17.8034496307,1,"OBIS1018"
-39.168333,-17.098333,1,"OBIS1019"
-64.664932251,17.7789802551,1,"OBIS1020"
-64.5826568604,17.7813892365,1,"OBIS1021"
-64.5718765259,17.798160553,1,"OBIS1022"
-64.6557006836,17.7799606323,1,"OBIS1025"
-67.1069564819,17.9349308014,1,"OBIS1026"
-64.7002487183,18.3456096649,1,"OBIS1027"
-64.5702667236,17.7724990845,1,"OBIS1028"
-64.5911483765,17.7894096375,1,"OBIS1029"
-67.0668487549,17.8986797333,1,"OBIS1030"
-64.6071166992,17.7351493835,1,"OBIS1031"
-64.5700302124,17.7636909485,1,"OBIS1032"
-64.5867233276,17.7866401672,1,"OBIS1033"
-64.7472915649,18.3607006073,1,"OBIS1034"
-67.0988311768,17.9086894989,1,"OBIS1035"
-64.5793762207,17.7771892548,1,"OBIS1036"
-64.6103210449,17.7981204987,1,"OBIS1037"
-67.0214691162,17.8973903656,1,"OBIS1038"
-64.7391967773,18.3103504181,1,"OBIS1039"
-67.1103973389,17.9145202637,1,"OBIS1040"
-64.7911911011,18.3416309357,1,"OBIS1041"
-39.048333,-17.786389,1,"OBIS1042"
-64.5837020874,17.7737102509,1,"OBIS1043"
-67.1033630371,17.9270706177,1,"OBIS1044"
-64.5214309692,17.7703094482,1,"OBIS1045"
-64.7990875244,18.3294792175,1,"OBIS1046"
-38.678889,-18.048056,1,"OBIS1047"
-67.0832672119,17.9438304901,1,"OBIS1048"
-64.7850494385,18.3567695618,1,"OBIS1049"
-64.6114425659,17.7859592438,1,"OBIS1050"
-64.6130981445,17.7851200104,1,"OBIS1051"
-64.5947036743,17.7674102783,1,"OBIS1052"
-39.050833,-17.605278,1,"OBIS1053"
-67.0598831177,17.931230545,1,"OBIS1055"
-78.2008361816,20.5688323975,1,"OBIS1056"
-64.6665725708,17.7787799835,1,"OBIS1057"
-64.5679168701,17.7724399567,1,"OBIS1058"
-64.591293335,17.7836494446,1,"OBIS1059"
-67.0299682617,17.8913593292,1,"OBIS1060"
-64.5723114014,17.762670517,1,"OBIS1061"
-67.0507202148,17.9639396667,1,"OBIS1062"
-64.6716766357,18.3519496918,1,"OBIS1064"
-67.0787582397,17.9579792023,1,"OBIS1066"
-64.6661605835,17.7701091766,1,"OBIS1067"
-64.6112136841,17.7878894806,1,"OBIS1068"
-64.6321411133,17.7866802216,1,"OBIS1069"
-64.6012268066,17.7633209229,1,"OBIS1070"
-66.2629776001,17.9276695251,1,"OBIS1071"
-67.0429916382,17.9063892365,1,"OBIS1072"
-67.0186004639,17.9483203888,1,"OBIS1073"
-78.3611984253,18.3007831573,1,"OBIS1074"
-67.1067581177,17.9398498535,1,"OBIS1075"
-64.6123275757,17.7635803223,1,"OBIS1076"
-67.0767211914,17.937620163,1,"OBIS1078"
-77.9542160034,18.4565830231,1,"OBIS1079"
-64.6095275879,17.7871799469,1,"OBIS1080"
-64.5817871094,17.7984695435,1,"OBIS1083"
-64.6056976318,17.7681407928,1,"OBIS1084"
-64.5774230957,17.7793197632,1,"OBIS1086"
-64.5771331787,17.7872200012,1,"OBIS1087"
-64.5915374756,17.7923107147,1,"OBIS1088"
-66.254119873,17.9178600311,1,"OBIS1090"
-67.0588607788,17.9185791016,1,"OBIS1091"
-38.918889,-17.745556,1,"OBIS1092"
-64.5828781128,17.7941493988,1,"OBIS1093"
-64.5985336304,17.8015804291,1,"OBIS1094"
-64.6123199463,17.8019695282,1,"OBIS1095"
-67.083366394,17.9301204681,1,"OBIS1096"
-66.8893127441,17.9356994629,1,"OBIS1097"
-67.0397262573,17.91340065,1,"OBIS1098"
-66.9924621582,17.9468193054,1,"OBIS1099"
-64.7230987549,18.3127002716,1,"OBIS1100"
-64.5812835693,17.768289566,1,"OBIS1102"
-67.1011734009,17.9315299988,1,"OBIS1103"
-64.6647262573,17.7755908966,1,"OBIS1104"
-66.9533691406,17.9046707153,1,"OBIS1105"
-66.9725189209,17.9185504913,1,"OBIS1106"
-64.6065597534,17.7940196991,1,"OBIS1108"
-64.6542205811,17.7672195435,1,"OBIS1109"
-64.6124191284,17.8032894135,1,"OBIS1110"
-64.565612793,17.7577095032,1,"OBIS1111"
-64.6469726562,17.7620391846,1,"OBIS1112"
-64.6860961914,18.3180408478,1,"OBIS1114"
-64.5930023193,17.779750824,1,"OBIS1115"
-64.5966873169,17.7715702057,1,"OBIS1116"
-64.7717666626,18.3584098816,1,"OBIS1117"
-64.6221084595,17.7637805939,1,"OBIS1118"
-64.5810089111,17.7896709442,1,"OBIS1119"
-64.5680999756,17.7813892365,1,"OBIS1120"
-67.0498962402,17.9113101959,1,"OBIS1121"
-67.0317611694,17.9006690979,1,"OBIS1123"
-64.6172027588,17.7904891968,1,"OBIS1124"
-66.9750518799,17.9008808136,1,"OBIS1125"
-64.5921020508,17.7816696167,1,"OBIS1126"
-64.7716217041,18.3621807098,1,"OBIS1127"
-64.6937026978,18.3299999237,1,"OBIS1129"
-64.7842636108,18.3129196167,1,"OBIS1130"
-67.0107269287,17.9078006744,1,"OBIS1131"
-38.567,-18.117,1,"OBIS1132"
-64.6000137329,17.7623806,1,"OBIS1133"
-64.7314300537,18.3169403076,1,"OBIS1135"
-64.6179733276,17.7918796539,1,"OBIS1136"
-93.5978622437,27.9091396332,1,"OBIS1137"
-67.0789794922,17.9358291626,1,"OBIS1138"
-64.6239089966,17.7915096283,1,"OBIS1139"
-66.9560928345,17.9272708893,1,"OBIS1140"
-64.610168457,17.7877407074,1,"OBIS1143"
-64.6719818115,17.777130127,1,"OBIS1144"
-64.7685012817,18.3106002808,1,"OBIS1145"
-66.9706497192,17.9430999756,1,"OBIS1147"
-64.6605529785,17.7681999207,1,"OBIS1148"
-64.6340789795,17.790599823,1,"OBIS1149"
-64.5972137451,17.7678699493,1,"OBIS1151"
-64.5691680908,17.7840194702,1,"OBIS1153"
-64.6859130859,18.3591308594,1,"OBIS1155"
-64.5886306763,17.7971096039,1,"OBIS1156"
-66.9074707031,17.9235191345,1,"OBIS1157"
-64.6632766724,17.778799057,1,"OBIS1158"
-78.2510986328,18.4258995056,1,"OBIS1159"
-64.5664215088,17.7938194275,1,"OBIS1161"
-64.7982025146,18.3432006836,1,"OBIS1162"
-67.029800415,17.8864898682,1,"OBIS1163"
-67.0414810181,17.9252300262,1,"OBIS1164"
-64.6194534302,17.790769577,1,"OBIS1165"
-64.5903625488,17.7925605774,1,"OBIS1166"
-64.6918029785,18.3173007965,1,"OBIS1167"
-64.5762405396,17.7650299072,1,"OBIS1168"
-67.0332489014,17.9621200562,1,"OBIS1169"
-77.2927856445,8.57495307922,1,"OBIS1170"
-67.0191726685,17.9475002289,1,"OBIS1171"
-67.0372619629,17.9686508179,1,"OBIS1172"
-64.6500320435,17.7818393707,1,"OBIS1173"
-64.6091537476,17.7987003326,1,"OBIS1174"
-64.7528762817,18.3711700439,1,"OBIS1176"
-64.6166915894,17.8048095703,1,"OBIS1177"
-64.597366333,17.7986106873,1,"OBIS1179"
-64.5787124634,17.7795696259,1,"OBIS1180"
-31.828,-20.738,1,"OBIS1181"
-64.6115112305,17.7803192139,1,"OBIS1182"
-64.6633682251,18.3344402313,1,"OBIS1183"
-64.5899963379,17.7895698547,1,"OBIS1184"
-64.5886688232,17.7894897461,1,"OBIS1185"
-64.6489105225,17.7617092133,1,"OBIS1186"
-77.1182022095,18.4193172455,1,"OBIS1187"
-64.6111297607,17.7593803406,1,"OBIS1188"
-66.9680404663,17.9055995941,1,"OBIS1189"
-64.7744979858,18.3638191223,1,"OBIS1190"
-66.9901580811,17.9014797211,1,"OBIS1191"
-67.0148696899,17.9171791077,1,"OBIS1192"
-66.9853515625,17.894859314,1,"OBIS1193"
-67.0974884033,17.9123897552,1,"OBIS1194"
-39.218611,-17.955,1,"OBIS1195"
-64.7750473022,18.3629894257,1,"OBIS1196"
-64.6178588867,17.783039093,1,"OBIS1197"
-64.5933074951,17.7622299194,1,"OBIS1198"
-64.7164916992,18.3669109344,1,"OBIS1199"
-64.7836532593,18.3594398499,1,"OBIS1201"
-64.6193084717,17.7826595306,1,"OBIS1203"
-64.6549072266,17.7659492493,1,"OBIS1204"
-76.90097046,8.371660233,1,"OBIS1206"
-64.6204681396,17.7984695435,1,"OBIS1208"
-64.6764907837,18.3315296173,1,"OBIS1209"
-67.1304168701,17.9171600342,1,"OBIS1210"
-66.2605667114,17.9318904877,1,"OBIS1211"
-64.7705001831,18.3152008057,1,"OBIS1212"
-64.5683822632,17.7950401306,1,"OBIS1213"
-64.5735931396,17.764509201,1,"OBIS1215"
-64.6887207031,18.34126091,1,"OBIS1216"
-64.5946426392,17.7619495392,1,"OBIS1217"
-64.65574646,17.7652397156,1,"OBIS1219"
-64.5775909424,17.7596092224,1,"OBIS1220"
-39.013056,-17.506111,1,"OBIS1221"
-67.0366287231,17.8952293396,1,"OBIS1222"
-83.0335006714,12.0301198959,1,"OBIS1223"
-67.0977935791,17.9181098938,1,"OBIS1224"
-64.6403503418,17.765630722,1,"OBIS1225"
-87.8851852417,16.7265834808,1,"OBIS1226"
-66.9703063965,17.9051990509,1,"OBIS1227"
-64.641242981,17.7598705292,1,"OBIS1228"
-64.7113723755,18.3030700684,1,"OBIS1229"
-64.6200866699,17.7901706696,1,"OBIS1231"
-64.5827636719,17.777179718,1,"OBIS1232"
-64.6016235352,17.7984600067,1,"OBIS1233"
-64.5954437256,17.7600708008,1,"OBIS1234"
-67.0967712402,17.9163303375,1,"OBIS1235"
-64.5705871582,17.7623901367,1,"OBIS1236"
-64.645362854,17.7875804901,1,"OBIS1237"
-64.7983627319,18.3329601288,1,"OBIS1238"
-64.6316833496,17.7955703735,1,"OBIS1240"
-64.6126022339,17.7854309082,1,"OBIS1241"
-67.1224136353,17.9161090851,1,"OBIS1242"
-66.9513320923,17.9276409149,1,"OBIS1243"
-64.6815338135,18.3430900574,1,"OBIS1244"
-75.69999695,9.706283569,1,"OBIS1245"
-64.6384124756,17.7672195435,1,"OBIS1246"
-64.7375564575,18.3731803894,1,"OBIS1247"
-62.9781684875,17.4634990692,1,"OBIS1249"
-66.9715423584,17.9044303894,1,"OBIS1250"
-64.6437683105,17.7655792236,1,"OBIS1251"
-64.6106262207,17.8055496216,1,"OBIS1253"
-64.6236724854,17.8023891449,1,"OBIS1254"
-75.8160553,9.743944168,1,"OBIS1256"
-64.5871429443,17.7648296356,1,"OBIS1258"
-64.6288070679,17.7998409271,1,"OBIS1260"
-38.971111,-17.426111,1,"OBIS1261"
-64.7754135132,18.3614406586,1,"OBIS1262"
-64.6348114014,17.7679405212,1,"OBIS1264"
-66.9776229858,17.9312992096,1,"OBIS1266"
-64.6222000122,17.7654705048,1,"OBIS1267"
-67.0126495361,17.9329605103,1,"OBIS1268"
-64.5855178833,17.7863998413,1,"OBIS1269"
-64.6972579956,18.3152103424,1,"OBIS1270"
-64.6112976074,17.7879600525,1,"OBIS1271"
-38.966111,-17.988611,1,"OBIS1272"
-64.6111221313,17.7891998291,1,"OBIS1273"
-74.23642,11.21005,1,"GBIF1"
-74.20697,11.27335,1,"GBIF2"
-81.895997,12.164968,1,"GBIF5"
-81.871106,12.13791,1,"GBIF6"
-81.84844,12.15544,1,"GBIF7"
-81.83643,12.19953,1,"GBIF8"
-81.85259,12.1613,1,"GBIF9"
-81.86139,12.19583,1,"GBIF10"
-81.84806,12.14194,1,"GBIF11"
-81.83389,12.13722,1,"GBIF12"
-81.87111,12.15416,1,"GBIF13"
-81.84648,12.16297,1,"GBIF14"
-81.83694,12.14361,1,"GBIF15"
-81.87111,12.17361,1,"GBIF16"
-81.88333,12.18388,1,"GBIF17"
-81.85084,12.19444,1,"GBIF18"
-81.85861,12.14444,1,"GBIF19"
-81.83194,12.17555,1,"GBIF20"
-81.84251,12.16514,1,"GBIF21"
-81.82613,12.164968,1,"GBIF22"
-81.84763,12.18074,1,"GBIF23"
-81.84489,12.17144,1,"GBIF24"
-81.84412,12.15961,1,"GBIF25"
-81.88745,12.17944,1,"GBIF26"
-81.866,12.17306,1,"GBIF27"
-81.87111,12.15463,1,"GBIF28"
-81.81825,12.1453,1,"GBIF29"
-79.72385,15.88571,1,"GBIF30"
-80.36544,14.31107,1,"GBIF31"
-80.27538,14.3648,1,"GBIF32"
-80.36983,14.28983,1,"GBIF33"
-80.23946,14.399,1,"GBIF34"
-96.986222,20.760722,1,"GBIF35"
-97.275194,21.540389,1,"GBIF36"
-96.989028,20.764778,1,"GBIF37"
-96.99625,20.769194,1,"GBIF38"
-96.995778,20.767,1,"GBIF39"
-96.989028,20.758722,1,"GBIF40"
-96.98925,20.759056,1,"GBIF41"
-96.989194,20.765056,1,"GBIF42"
-96.988361,20.760778,1,"GBIF43"
-94.80875,18.540056,1,"GBIF44"
-94.525444,18.175306,1,"GBIF45"
-94.524667,18.175028,1,"GBIF46"
-94.782167,18.511167,1,"GBIF47"
-94.524861,18.17525,1,"GBIF48"
-94.786889,18.515806,1,"GBIF49"
-94.525583,18.17625,1,"GBIF50"
-94.525694,18.176361,1,"GBIF51"
-94.524,18.174611,1,"GBIF53"
-94.786028,18.515778,1,"GBIF54"
-94.52575,18.176306,1,"GBIF55"
-94.524917,18.175306,1,"GBIF57"
-94.808361,18.539778,1,"GBIF58"
-94.525305,18.1755,1,"GBIF59"
-94.524917,18.175417,1,"GBIF60"
-94.525639,18.175861,1,"GBIF61"
-94.524028,18.174694,1,"GBIF62"
-94.525222,18.175056,1,"GBIF63"
-94.524917,18.175111,1,"GBIF64"
-94.523972,18.174778,1,"GBIF66"
-94.525917,18.17575,1,"GBIF67"
-94.523861,18.174611,1,"GBIF69"
-94.52575,18.17625,1,"GBIF70"
-94.524917,18.175722,1,"GBIF71"
-94.775861,18.487056,1,"GBIF72"
-94.777639,18.487361,1,"GBIF73"
-94.827167,18.544194,1,"GBIF74"
-94.780472,18.501278,1,"GBIF75"
-94.876555,18.551417,1,"GBIF76"
-94.780417,18.501778,1,"GBIF77"
-94.872139,18.550861,1,"GBIF78"
-94.777417,18.48775,1,"GBIF79"
-94.777833,18.489278,1,"GBIF80"
-94.780555,18.500944,1,"GBIF82"
-94.777805,18.488306,1,"GBIF83"
-94.775583,18.487139,1,"GBIF84"
-94.780583,18.500278,1,"GBIF85"
-94.775528,18.486972,1,"GBIF86"
-94.777861,18.487889,1,"GBIF87"
-94.777389,18.490667,1,"GBIF91"
-94.778778,18.49725,1,"GBIF92"
-94.876111,18.551111,1,"GBIF94"
-94.775833,18.486861,1,"GBIF95"
-94.826778,18.544111,1,"GBIF96"
-94.778417,18.497056,1,"GBIF97"
-94.777528,18.488639,1,"GBIF98"
-94.77825,18.496806,1,"GBIF104"
-94.777139,18.489333,1,"GBIF107"
-94.7755,18.487333,1,"GBIF109"
-94.778055,18.496083,1,"GBIF112"
-94.827583,18.543861,1,"GBIF116"
-94.782139,18.510611,1,"GBIF118"
-94.778278,18.496417,1,"GBIF124"
-94.872389,18.551139,1,"GBIF125"
-94.872639,18.551,1,"GBIF132"
-94.775917,18.486972,1,"GBIF134"
-94.781028,18.501778,1,"GBIF135"
-94.780639,18.502111,1,"GBIF142"
-94.876833,18.551417,1,"GBIF143"
-94.775722,18.487194,1,"GBIF152"
-94.780389,18.500611,1,"GBIF163"
-94.78225,18.510417,1,"GBIF167"
-94.876611,18.551194,1,"GBIF172"
-97.228722,21.474,1,"GBIF173"
-66.30515,10.6309,1,"GBIF175"
-66.18254,10.6192,1,"GBIF176"
-66.24744,10.6524,1,"GBIF177"
-66.29939,10.64185,1,"GBIF178"
-66.10263,10.59246,1,"GBIF179"
-66.08839,10.53449,1,"GBIF180"
-61.786944,12.136667,1,"GBIF181"
-62.869478,17.347669,1,"GBIF182"
-61.789167,12.201111,1,"GBIF183"
-61.317778,13.2525,1,"GBIF184"
-61.5975,15.490833,1,"GBIF185"
-61.367,15.235,1,"GBIF186"
-74.127632,11.328933,1,"GBIF187"
-68.24769,10.81982,1,"GBIF192"
-64.36745,10.39569,1,"GBIF193"
-68.236661,10.83328,1,"GBIF195"
-64.39507,10.38036,1,"GBIF198"
-64.34775,10.3891,1,"GBIF200"
-60.93,10.84,1,"GBIF215"
-61.868611,17.406111,1,"GBIF216"
-60.479094,11.297222,1,"GBIF217"
-61.763636,12.041164,1,"GBIF219"
-61.424167,15.2925,1,"GBIF220"
-61.469444,15.368889,1,"GBIF222"
-95.996597,19.088596,1,"GBIF224"
-96.064806,19.202338,1,"GBIF225"
-96.092798,19.172838,1,"GBIF226"
-95.933162,19.107458,1,"GBIF227"
-96.001714,19.087982,1,"GBIF228"
-96.068345,19.200508,1,"GBIF229"
-96.095762,19.178807,1,"GBIF230"
-96.090515,19.173,1,"GBIF231"
-95.943325,19.113389,1,"GBIF232"
-96.092905,19.180802,1,"GBIF233"
-96.069177,19.202905,1,"GBIF234"
-95.999545,19.085669,1,"GBIF235"
-96.095613,19.178119,1,"GBIF236"
-96.09508,19.178706,1,"GBIF237"
-94.283333,28.166667,1,"GBIF238"
-80.096291,26.10158,1,"GBIF239"
-80.089256,26.157021,1,"GBIF241"
-80.2575,25.168051,1,"GBIF242"
-80.301498,25.11875,1,"GBIF243"
-80.223297,25.199167,1,"GBIF244"
-80.413597,25.013283,1,"GBIF245"
-82.969398,12.29546,1,"GBIF247"
-81.887413,24.475683,1,"GBIF248"
-83.034698,12.18857,1,"GBIF253"
-82.969398,12.29153,1,"GBIF254"
-83.033501,12.03012,1,"GBIF262"
-82.987801,12.30912,1,"GBIF263"
-76.79742,17.898854,1,"GBIF264"
-65.53302,18.34215,1,"GBIF265"
-87.683333,18.25,1,"GBIF266"
-76.387021,18.173418,1,"GBIF276"
-75.723389,9.420944,1,"GBIF277"
-76.173218,9.396283,1,"GBIF278"
-75.683731,9.74175,1,"GBIF279"
-75.651916,9.764033,1,"GBIF280"
-77.362801,8.655817,1,"GBIF281"
-76.185867,9.379617,1,"GBIF282"
-75.849419,9.698972,1,"GBIF283"
-75.829613,9.696278,1,"GBIF284"
-75.816055,9.743944,1,"GBIF286"
-75.777031,9.767861,1,"GBIF287"
-75.699997,9.706284,1,"GBIF288"
-78.109665,20.584999,1,"GBIF289"
-78.200836,20.568832,1,"GBIF290"
-78.182831,20.6035,1,"GBIF291"
-77.428612,18.477414,1,"GBIF292"
-79.894081,19.687851,1,"GBIF294"
-79.740952,19.758183,1,"GBIF295"
-87.885185,16.726583,1,"GBIF298"
-87.744049,17.59375,1,"GBIF299"
-78.012581,18.457783,1,"GBIF300"
-78.131882,18.464167,1,"GBIF301"
-76.708687,18.274534,1,"GBIF302"
-77.274734,18.472767,1,"GBIF303"
-78.075348,18.459084,1,"GBIF305"
-77.005486,18.415066,1,"GBIF307"
-77.921669,18.50585,1,"GBIF311"
-77.078468,18.41905,1,"GBIF313"
-78.251099,18.4259,1,"GBIF314"
-76.287369,18.073833,1,"GBIF315"
-77.934547,18.494684,1,"GBIF317"
-77.954216,18.456583,1,"GBIF322"
-78.361198,18.300783,1,"GBIF324"
-77.118202,18.419317,1,"GBIF330"
-77.970947,18.453449,1,"GBIF337"
-77.561119,18.494984,1,"GBIF342"
-77.595131,18.492701,1,"GBIF343"
-87.302979,20.402189,1,"GBIF354"
-87.299103,20.40765,1,"GBIF355"
-67.238792,10.553123,1,"GBIF357"
-88.139999,16.76,1,"GBIF360"
-71.981988,12.188172,1,"GBIF362"
-71.133949,21.518984,1,"GBIF363"
-87.528214,17.250584,1,"GBIF365"
-87.526497,17.221001,1,"GBIF367"
-82.805336,9.725,1,"GBIF368"
-82.805,9.738334,1,"GBIF371"
-82.805832,9.75,1,"GBIF386"
-87.75,18.5,1,"GBIF413"
-66.705765,11.766367,1,"GBIF451"
-63.060001,17.995667,1,"GBIF460"
-62.982498,17.464001,1,"GBIF461"
-63.253166,17.643333,1,"GBIF462"
-62.977665,17.461666,1,"GBIF463"
-63.259499,17.628166,1,"GBIF464"
-62.986,17.464834,1,"GBIF465"
-62.978168,17.463499,1,"GBIF466"
-63.259499,17.624834,1,"GBIF469"
-74.22304,11.25341,1,"GBIF470"
-96.096944,19.223333,1,"GBIF471"
-74.459999,24.16,1,"GBIF472"
-74.470001,24.15,1,"GBIF473"
-74.529999,24.01,1,"GBIF474"
-74.540001,23.950001,1,"GBIF478"
-77.647797,24.301121,1,"GBIF479"
-77.670677,24.343149,1,"GBIF480"
-77.693329,24.595831,1,"GBIF484"
-74.29528,10.99453,1,"GBIF487"
-82.6967,14.4933,1,"GBIF490"
-67.808228,10.478306,1,"GBIF494"
-87.680833,18.675,1,"GBIF495"
-87.032778,20.436944,1,"GBIF499"
-87.013056,20.272778,1,"GBIF500"
-87.040278,20.315278,1,"GBIF501"
-88.0533,16.9783,1,"GBIF514"
-77.292785,8.574953,1,"GBIF516"
-77.36353,8.659377,1,"GBIF517"
-77.363533,8.659377,1,"GBIF518"
-77.292786,8.574953,1,"GBIF519"
-88.05,16.77,1,"GBIF520"
-88.0758,16.8283,1,"GBIF521"
-74.131931,11.328026,1,"GBIF522"
-82.2103,26.2978,1,"GBIF524"
-66.7578,17.9667,1,"GBIF525"
-67.0517,17.94,1,"GBIF526"
-14.3833,-7.8933,1,"GBIF528"
-75.785158,10.164293,1,"GBIF529"
-76.90097,8.37166,1,"GBIF530"
-76.900971,8.37166,1,"GBIF531"
-88.08,16.8,1,"GBIF532"
-76.74441,8.06817,1,"GBIF538"
-74.224161,11.251072,1,"GBIF539"
-74.220074,11.249878,1,"GBIF540"
-76.744408,8.06817,1,"GBIF541"
-14.4,-7.9,1,"GBIF543"
-14.37,7.95,1,"GBIF546"
-77.7783,23.72,1,"GBIF547"
-77.6842,24.7172,1,"GBIF548"
-83.0083,27.7974,1,"GBIF549"
-82.9204,27.7871,1,"GBIF550"
-82.9871,27.7611,1,"GBIF551"
-82.65,27.0867,1,"GBIF552"
-82.925,26.8617,1,"GBIF553"
-83.7226,26.2808,1,"GBIF554"
-82.9067,26.8683,1,"GBIF555"
-82.6758,27.02,1,"GBIF556"
-82.5608,27.3547,1,"GBIF557"
-82.5362,27.0353,1,"GBIF558"
-82.6,27.2658,1,"GBIF560"
-82.86,27.5517,1,"GBIF561"
-82.9915,27.7058,1,"GBIF562"
-83.4342,28.1,1,"GBIF563"
6.533333,0,1,"GBIF564"
-32.414963,-3.83904,1,"AUED26"
-32.422785,-3.86684,1,"AUED46"
-38.6625,-17.96277778,1,"AUED51"
-38.71583333,-17.97055556,1,"AUED76"
-29.497889,-20.522617,1,"AUED87"
-35.258986,-5.394114,1,"AUED91"
-35.363432,-5.262117,1,"AUED104"
-35.090067,-5.564467,1,"AUED106"
-44.264283,-0.869867,1,"AUED108"
-40.407589,-20.699631,1,"AUED113"
-40.366164,-20.676614,1,"AUED121"
-40.378777,-20.612348,1,"AUED129"
-38.626367,-12.80916,1,"AUED132"
-38.5491,-12.83708,1,"AUED138"
-38.571664,-12.814719,1,"AUED146"
-33.80355,-3.875172222,1,"AUED151"
-33.81225833,-3.872955556,1,"AUED180"
-33.79191111,-3.86895,1,"AUED192"
-33.80944167,-3.874725,1,"AUED197"
-33.80944167,-3.872986111,1,"AUED206"
-42.00165556,-22.96514167,1,"AUED224"
-41.993723,-22.96573,1,"AUED226"
-35.192744,-9.032689,1,"AUED254"
-35.191486,-9.024256,1,"AUED256"
-35.180628,-8.9985,1,"AUED259"
-14.3494,-7.900367,1,"BIBL1"
-14.3825,-7.894217,1,"BIBL2"
-14.4196,-7.9303,1,"BIBL1"
-14.4034,-7.988167,1,"BIBL2"
-39.066,-16.883,1,"BIBL1"
-76.5,24.25,1,"BIBL2"
-80.367,24.983,1,"BIBL1"
-38.666,-18.033,1,"BIBL2"
-38.633,-16.05,1,"BIBL2"
-63.29,17.384,1,"BIBL1"
-38.271,-2.446,1,"BIBL2"
-34.801,-7.206,1,"BIBL1"
-34.801,-7.207,1,"BIBL2"
-33.817,-2.15,1,"BIBL1"
-38.642,-12.871,1,"BIBL1"
-33.809,-3.874,1,"BIBL2"
-35.078,-8.703,1,"BIBL2"
-35.099,-8.762,1,"BIBL1"
-35.529,-9.449,1,"BIBL2"
-60.817,11.183,1,"BIBL2"
-60.9,11.233,1,"BIBL1"
-60.5,11.283,1,"BIBL2"
-23,16.75,1,"BIBL1"
-38.533,-13,1,"BIBL2"
-22.883,16.75,1,"BIBL2"
6.492975,0.326147,1,"MAIA1"
6.711455,0.411396,1,"MAIA2"
6.757778,0.244508,1,"MAIA3"
-45.393889,-23.830333,0,"AUED349"
-45.702491,-24.105182,0,"AUED376"
-45.283621,-23.935384,0,"AUED398"
-45.243995,-23.893302,0,"AUED420"
-48.331675,-27.264465,0,"AUED442"
-48.387576,-27.603507,0,"AUED496"
-35.0725,-5.56435,0,"AUED510"
